{"stats":{"minecraft:dropped":{"minecraft:wooden_pickaxe":1,"byg:pine_sapling":3},"minecraft:crafted":{"byg:pine_crafting_table":1,"byg:pine_planks":12,"minecraft:stone_axe":1,"minecraft:stick":8,"minecraft:stone_pickaxe":1,"minecraft:wooden_pickaxe":1},"minecraft:picked_up":{"byg:pine_sapling":3,"minecraft:stick":3,"byg:pine_log":41,"minecraft:brown_mushroom":1,"byg:pine_crafting_table":1,"minecraft:cobblestone":23},"minecraft:custom":{"minecraft:time_since_rest":4873,"minecraft:play_one_minute":4873,"minecraft:crouch_one_cm":2092,"minecraft:sprint_one_cm":4689,"minecraft:walk_one_cm":6457,"minecraft:sneak_time":750,"minecraft:drop":2,"minecraft:jump":52,"minecraft:leave_game":1,"minecraft:time_since_death":4873,"minecraft:fall_one_cm":209,"minecraft:interact_with_crafting_table":2,"minecraft:fly_one_cm":7823},"minecraft:mined":{"minecraft:grass":1,"byg:pine_crafting_table":1,"byg:fir_leaves":12,"byg:pine_leaves":157,"byg:short_grass":1,"minecraft:stone":23,"treechop:chopped_log":18,"byg:pine_log":50},"minecraft:used":{"minecraft:stone_axe":5,"minecraft:wooden_pickaxe":23,"byg:pine_crafting_table":1}},"DataVersion":2586}